No.,WD (deg.),CB,x (m),y (m),z (m),Vs (m/s),,,,,,
63,0,0D,-0.3,-0.25,0.02,2.75,,,,,,
54,0,0D,-0.3,-0.2,0.02,3.08,,,,,,
45,0,0D,-0.3,-0.15,0.02,2.67,,,,,,
31,0,0D,-0.3,0.15,0.02,2.67,,,,,,
32,0,0D,-0.3,0.2,0.02,2.91,,,,,,
33,0,0D,-0.3,0.25,0.02,2.6,,,,,,
66,0,0D,-0.25,-0.3,0.02,1.08,,,,,,
62,0,0D,-0.25,-0.25,0.02,2.56,,,,,,
53,0,0D,-0.25,-0.2,0.02,2.74,,,,,,
44,0,0D,-0.25,-0.15,0.02,2.55,,,,,,
22,0,0D,-0.25,-0.1,0.02,1.37,,,,,,
23,0,0D,-0.25,-0.05,0.02,0.51,,,,,,
24,0,0D,-0.25,0,0.02,0.73,,,,,,
25,0,0D,-0.25,0.05,0.02,0.73,,,,,,
26,0,0D,-0.25,0.1,0.02,1.63,,,,,,
27,0,0D,-0.25,0.15,0.02,2.43,,,,,,
28,0,0D,-0.25,0.2,0.02,2.58,,,,,,
29,0,0D,-0.25,0.25,0.02,2.4,,,,,,
30,0,0D,-0.25,0.3,0.02,1.23,,,,,,
65,0,0D,-0.2,-0.3,0.02,1.22,,,,,,
61,0,0D,-0.2,-0.25,0.02,2.23,,,,,,
52,0,0D,-0.2,-0.2,0.02,2.44,,,,,,
43,0,0D,-0.2,-0.15,0.02,2.39,,,,,,
13,0,0D,-0.2,-0.1,0.02,1.62,,,,,,
14,0,0D,-0.2,-0.05,0.02,0.92,,,,,,
15,0,0D,-0.2,0,0.02,1.11,,,,,,
16,0,0D,-0.2,0.05,0.02,1.19,,,,,,
17,0,0D,-0.2,0.1,0.02,1.68,,,,,,
18,0,0D,-0.2,0.15,0.02,2.25,,,,,,
19,0,0D,-0.2,0.2,0.02,2.33,,,,,,
20,0,0D,-0.2,0.25,0.02,2.11,,,,,,
21,0,0D,-0.2,0.3,0.02,1.25,,,,,,
64,0,0D,-0.15,-0.3,0.02,1.35,,,,,,
60,0,0D,-0.15,-0.25,0.02,1.97,,,,,,
51,0,0D,-0.15,-0.2,0.02,2.23,,,,,,
42,0,0D,-0.15,-0.15,0.02,2.14,,,,,,
4,0,0D,-0.15,-0.1,0.02,1.58,,,,,,
5,0,0D,-0.15,-0.05,0.02,0.94,,,,,,
6,0,0D,-0.15,0,0.02,1.08,,,,,,
7,0,0D,-0.15,0.05,0.02,0.96,,,,,,
8,0,0D,-0.15,0.1,0.02,1.53,,,,,,
9,0,0D,-0.15,0.15,0.02,2.08,,,,,,
10,0,0D,-0.15,0.2,0.02,2.14,,,,,,
11,0,0D,-0.15,0.25,0.02,1.88,,,,,,
12,0,0D,-0.15,0.3,0.02,1.33,,,,,,
59,0,0D,-0.1,-0.25,0.02,1.79,,,,,,
50,0,0D,-0.1,-0.2,0.02,2.02,,,,,,
41,0,0D,-0.1,-0.15,0.02,1.85,,,,,,
103,0,0D,-0.1,0.15,0.02,1.94,,,,,,
112,0,0D,-0.1,0.2,0.02,2.01,,,,,,
121,0,0D,-0.1,0.25,0.02,1.68,,,,,,
58,0,0D,-0.05,-0.25,0.02,1.4,,,,,,
49,0,0D,-0.05,-0.2,0.02,1.85,,,,,,
40,0,0D,-0.05,-0.15,0.02,1.69,,,,,,
104,0,0D,-0.05,0.15,0.02,1.49,,,,,,
113,0,0D,-0.05,0.2,0.02,1.6,,,,,,
122,0,0D,-0.05,0.25,0.02,1.3,,,,,,
57,0,0D,0,-0.25,0.02,1.24,,,,,,
48,0,0D,0,-0.2,0.02,1.52,,,,,,
39,0,0D,0,-0.15,0.02,1.52,,,,,,
105,0,0D,0,0.15,0.02,1.47,,,,,,
114,0,0D,0,0.2,0.02,1.44,,,,,,
123,0,0D,0,0.25,0.02,1.2,,,,,,
56,0,0D,0.05,-0.25,0.02,1.2,,,,,,
47,0,0D,0.05,-0.2,0.02,1.36,,,,,,
38,0,0D,0.05,-0.15,0.02,1.37,,,,,,
106,0,0D,0.05,0.15,0.02,1.29,,,,,,
115,0,0D,0.05,0.2,0.02,1.52,,,,,,
124,0,0D,0.05,0.25,0.02,1.29,,,,,,
69,0,0D,0.1,-0.25,0.02,1.39,,,,,,
68,0,0D,0.1,-0.2,0.02,1.48,,,,,,
67,0,0D,0.1,-0.15,0.02,1.38,,,,,,
107,0,0D,0.1,0.15,0.02,1.15,,,,,,
116,0,0D,0.1,0.2,0.02,1.31,,,,,,
125,0,0D,0.1,0.25,0.02,1.39,,,,,,
78,0,0D,0.15,-0.3,0.02,1.23,,,,,,
77,0,0D,0.15,-0.25,0.02,1.53,,,,,,
76,0,0D,0.15,-0.2,0.02,1.54,,,,,,
75,0,0D,0.15,-0.15,0.02,1.35,,,,,,
74,0,0D,0.15,-0.1,0.02,0.98,,,,,,
73,0,0D,0.15,-0.05,0.02,0.85,,,,,,
72,0,0D,0.15,0,0.02,0.83,,,,,,
71,0,0D,0.15,0.05,0.02,0.75,,,,,,
70,0,0D,0.15,0.1,0.02,1.08,,,,,,
108,0,0D,0.15,0.15,0.02,1.27,,,,,,
117,0,0D,0.15,0.2,0.02,1.48,,,,,,
126,0,0D,0.15,0.25,0.02,1.43,,,,,,
130,0,0D,0.15,0.3,0.02,1.16,,,,,,
87,0,0D,0.2,-0.3,0.02,1.3,,,,,,
86,0,0D,0.2,-0.25,0.02,1.53,,,,,,
85,0,0D,0.2,-0.2,0.02,1.51,,,,,,
84,0,0D,0.2,-0.15,0.02,1.55,,,,,,
83,0,0D,0.2,-0.1,0.02,1.18,,,,,,
82,0,0D,0.2,-0.05,0.02,1.29,,,,,,
81,0,0D,0.2,0,0.02,0.95,,,,,,
80,0,0D,0.2,0.05,0.02,0.93,,,,,,
79,0,0D,0.2,0.1,0.02,1.24,,,,,,
109,0,0D,0.2,0.15,0.02,1.46,,,,,,
118,0,0D,0.2,0.2,0.02,1.53,,,,,,
127,0,0D,0.2,0.25,0.02,1.67,,,,,,
131,0,0D,0.2,0.3,0.02,1.25,,,,,,
96,0,0D,0.25,-0.3,0.02,1.17,,,,,,
95,0,0D,0.25,-0.25,0.02,1.6,,,,,,
94,0,0D,0.25,-0.2,0.02,1.72,,,,,,
93,0,0D,0.25,-0.15,0.02,1.71,,,,,,
92,0,0D,0.25,-0.1,0.02,1.65,,,,,,
91,0,0D,0.25,-0.05,0.02,1.18,,,,,,
90,0,0D,0.25,0,0.02,0.86,,,,,,
89,0,0D,0.25,0.05,0.02,1.05,,,,,,
88,0,0D,0.25,0.1,0.02,1.53,,,,,,
110,0,0D,0.25,0.15,0.02,1.75,,,,,,
119,0,0D,0.25,0.2,0.02,1.69,,,,,,
128,0,0D,0.25,0.25,0.02,1.63,,,,,,
132,0,0D,0.25,0.3,0.02,1.22,,,,,,
99,0,0D,0.3,-0.25,0.02,1.74,,,,,,
98,0,0D,0.3,-0.2,0.02,1.87,,,,,,
97,0,0D,0.3,-0.15,0.02,2.12,,,,,,
111,0,0D,0.3,0.15,0.02,2.29,,,,,,
120,0,0D,0.3,0.2,0.02,1.99,,,,,,
129,0,0D,0.3,0.25,0.02,1.83,,,,,,
63,0,1D,-0.3,-0.25,0.02,2.91,3.58,,,,,
54,0,1D,-0.3,-0.2,0.02,3,3.98,,,,,
45,0,1D,-0.3,-0.15,0.02,2.35,2.73,,,,,
31,0,1D,-0.3,0.15,0.02,2.49,2.81,,,,,
32,0,1D,-0.3,0.2,0.02,2.86,4,,,,,
33,0,1D,-0.3,0.25,0.02,2.68,3.43,,,,,
66,0,1D,-0.25,-0.3,0.02,1.13,0.86,,,,,
62,0,1D,-0.25,-0.25,0.02,2.77,3.45,,,,,
53,0,1D,-0.25,-0.2,0.02,2.69,3.86,,,,,
44,0,1D,-0.25,-0.15,0.02,2.17,2.42,,,,,
22,0,1D,-0.25,-0.1,0.02,1.12,0.75,,,,,
23,0,1D,-0.25,-0.05,0.02,0.91,0.83,,,,,
24,0,1D,-0.25,0,0.02,0.93,0.86,,,,,
25,0,1D,-0.25,0.05,0.02,0.96,0.83,,,,,
26,0,1D,-0.25,0.1,0.02,1.27,0.77,,,,,
27,0,1D,-0.25,0.15,0.02,2.16,2.52,,,,,
28,0,1D,-0.25,0.2,0.02,2.45,3.89,,,,,
29,0,1D,-0.25,0.25,0.02,2.45,3.24,,,,,
30,0,1D,-0.25,0.3,0.02,1.35,0.82,,,,,
65,0,1D,-0.2,-0.3,0.02,1.39,0.9,,,,,
61,0,1D,-0.2,-0.25,0.02,2.49,3.33,,,,,
52,0,1D,-0.2,-0.2,0.02,2.37,3.74,,,,,
43,0,1D,-0.2,-0.15,0.02,1.92,2.06,,,,,
13,0,1D,-0.2,-0.1,0.02,1.25,0.81,,,,,
14,0,1D,-0.2,-0.05,0.02,1.2,1.04,,,,,
15,0,1D,-0.2,0,0.02,1.29,1.11,,,,,
16,0,1D,-0.2,0.05,0.02,1.29,1.02,,,,,
17,0,1D,-0.2,0.1,0.02,1.23,0.82,,,,,
18,0,1D,-0.2,0.15,0.02,1.97,2.21,,,,,
19,0,1D,-0.2,0.2,0.02,2.24,3.78,,,,,
20,0,1D,-0.2,0.25,0.02,2.23,3.08,,,,,
21,0,1D,-0.2,0.3,0.02,1.45,0.86,,,,,
64,0,1D,-0.15,-0.3,0.02,1.54,0.9,,,,,
60,0,1D,-0.15,-0.25,0.02,2.21,3.21,,,,,
51,0,1D,-0.15,-0.2,0.02,2.18,3.58,,,,,
42,0,1D,-0.15,-0.15,0.02,1.69,1.74,,,,,
4,0,1D,-0.15,-0.1,0.02,1.36,0.78,,,,,
5,0,1D,-0.15,-0.05,0.02,1.12,0.99,,,,,
6,0,1D,-0.15,0,0.02,1.35,1.1,,,,,
7,0,1D,-0.15,0.05,0.02,1.15,0.97,,,,,
8,0,1D,-0.15,0.1,0.02,1.18,0.78,,,,,
9,0,1D,-0.15,0.15,0.02,1.74,1.91,,,,,
10,0,1D,-0.15,0.2,0.02,2.08,3.64,,,,,
11,0,1D,-0.15,0.25,0.02,2.05,2.94,,,,,
12,0,1D,-0.15,0.3,0.02,1.49,0.82,,,,,
59,0,1D,-0.1,-0.25,0.02,2.03,3.05,,,,,
50,0,1D,-0.1,-0.2,0.02,2.02,3.37,,,,,
41,0,1D,-0.1,-0.15,0.02,1.62,1.48,,,,,
103,0,1D,-0.1,0.15,0.02,1.75,1.66,,,,,
112,0,1D,-0.1,0.2,0.02,1.99,3.45,,,,,
121,0,1D,-0.1,0.25,0.02,1.94,2.76,,,,,
58,0,1D,-0.05,-0.25,0.02,1.81,2.9,,,,,
49,0,1D,-0.05,-0.2,0.02,1.94,3.12,,,,,
40,0,1D,-0.05,-0.15,0.02,1.44,1.33,,,,,
104,0,1D,-0.05,0.15,0.02,1.33,1.49,,,,,
113,0,1D,-0.05,0.2,0.02,1.66,3.23,,,,,
122,0,1D,-0.05,0.25,0.02,1.73,2.6,,,,,
57,0,1D,0,-0.25,0.02,1.61,2.81,,,,,
48,0,1D,0,-0.2,0.02,1.61,2.96,,,,,
39,0,1D,0,-0.15,0.02,1.36,1.29,,,,,
105,0,1D,0,0.15,0.02,1.32,1.42,,,,,
114,0,1D,0,0.2,0.02,1.51,3.03,,,,,
123,0,1D,0,0.25,0.02,1.55,2.47,,,,,
56,0,1D,0.05,-0.25,0.02,1.5,2.67,,,,,
47,0,1D,0.05,-0.2,0.02,1.39,2.77,,,,,
38,0,1D,0.05,-0.15,0.02,1.25,1.25,,,,,
106,0,1D,0.05,0.15,0.02,1.24,1.39,,,,,
115,0,1D,0.05,0.2,0.02,1.58,2.91,,,,,
124,0,1D,0.05,0.25,0.02,1.5,2.37,,,,,
69,0,1D,0.1,-0.25,0.02,1.66,2.53,,,,,
68,0,1D,0.1,-0.2,0.02,1.49,2.63,,,,,
67,0,1D,0.1,-0.15,0.02,1.36,1.23,,,,,
107,0,1D,0.1,0.15,0.02,1.24,1.38,,,,,
116,0,1D,0.1,0.2,0.02,1.44,2.78,,,,,
125,0,1D,0.1,0.25,0.02,1.53,2.22,,,,,
78,0,1D,0.15,-0.3,0.02,1.17,0.85,,,,,
77,0,1D,0.15,-0.25,0.02,1.69,2.38,,,,,
76,0,1D,0.15,-0.2,0.02,1.55,2.56,,,,,
75,0,1D,0.15,-0.15,0.02,1.42,1.24,,,,,
74,0,1D,0.15,-0.1,0.02,0.88,0.69,,,,,
73,0,1D,0.15,-0.05,0.02,0.85,0.79,,,,,
72,0,1D,0.15,0,0.02,0.93,0.81,,,,,
71,0,1D,0.15,0.05,0.02,0.66,0.77,,,,,
70,0,1D,0.15,0.1,0.02,1.09,0.68,,,,,
108,0,1D,0.15,0.15,0.02,1.42,1.41,,,,,
117,0,1D,0.15,0.2,0.02,1.59,2.7,,,,,
126,0,1D,0.15,0.25,0.02,1.52,2.06,,,,,
130,0,1D,0.15,0.3,0.02,1.18,0.79,,,,,
87,0,1D,0.2,-0.3,0.02,1.25,0.88,,,,,
86,0,1D,0.2,-0.25,0.02,1.62,2.2,,,,,
85,0,1D,0.2,-0.2,0.02,1.51,2.53,,,,,
84,0,1D,0.2,-0.15,0.02,1.56,1.21,,,,,
83,0,1D,0.2,-0.1,0.02,1.11,0.79,,,,,
82,0,1D,0.2,-0.05,0.02,1.31,1.01,,,,,
81,0,1D,0.2,0,0.02,1.12,1.09,,,,,
80,0,1D,0.2,0.05,0.02,0.99,0.96,,,,,
79,0,1D,0.2,0.1,0.02,1.19,0.75,,,,,
109,0,1D,0.2,0.15,0.02,1.56,1.42,,,,,
118,0,1D,0.2,0.2,0.02,1.65,2.64,,,,,
127,0,1D,0.2,0.25,0.02,1.69,1.86,,,,,
131,0,1D,0.2,0.3,0.02,1.28,0.86,,,,,
96,0,1D,0.25,-0.3,0.02,1.24,0.89,,,,,
95,0,1D,0.25,-0.25,0.02,1.62,2,,,,,
94,0,1D,0.25,-0.2,0.02,1.68,2.52,,,,,
93,0,1D,0.25,-0.15,0.02,1.48,1.21,,,,,
92,0,1D,0.25,-0.1,0.02,1.29,0.85,,,,,
91,0,1D,0.25,-0.05,0.02,1.11,1,,,,,
90,0,1D,0.25,0,0.02,1.03,1.09,,,,,
89,0,1D,0.25,0.05,0.02,1.02,0.93,,,,,
88,0,1D,0.25,0.1,0.02,1.11,0.76,,,,,
110,0,1D,0.25,0.15,0.02,1.62,1.44,,,,,
119,0,1D,0.25,0.2,0.02,1.65,2.58,,,,,
128,0,1D,0.25,0.25,0.02,1.69,1.68,,,,,
132,0,1D,0.25,0.3,0.02,1.4,0.93,,,,,
99,0,1D,0.3,-0.25,0.02,1.57,1.89,,,,,
98,0,1D,0.3,-0.2,0.02,1.63,2.49,,,,,
97,0,1D,0.3,-0.15,0.02,1.5,1.27,,,,,
111,0,1D,0.3,0.15,0.02,1.62,1.53,,,,,
120,0,1D,0.3,0.2,0.02,1.74,2.49,,,,,
129,0,1D,0.3,0.25,0.02,1.69,1.61,,,,,
63,0,2D,-0.3,-0.25,0.02,2.64,,,,,,
54,0,2D,-0.3,-0.2,0.02,2.32,,,,,,
45,0,2D,-0.3,-0.15,0.02,1.75,,,,,,
31,0,2D,-0.3,0.15,0.02,1.74,,,,,,
32,0,2D,-0.3,0.2,0.02,2.2,,,,,,
33,0,2D,-0.3,0.25,0.02,2.53,,,,,,
66,0,2D,-0.25,-0.3,0.02,2.37,,,,,,
62,0,2D,-0.25,-0.25,0.02,2.58,,,,,,
53,0,2D,-0.25,-0.2,0.02,2.15,,,,,,
44,0,2D,-0.25,-0.15,0.02,1.89,,,,,,
22,0,2D,-0.25,-0.1,0.02,2.17,,,,,,
23,0,2D,-0.25,-0.05,0.02,2.26,,,,,,
24,0,2D,-0.25,0,0.02,2.02,,,,,,
25,0,2D,-0.25,0.05,0.02,2.27,,,,,,
26,0,2D,-0.25,0.1,0.02,2.06,,,,,,
27,0,2D,-0.25,0.15,0.02,1.79,,,,,,
28,0,2D,-0.25,0.2,0.02,2.11,,,,,,
29,0,2D,-0.25,0.25,0.02,2.52,,,,,,
30,0,2D,-0.25,0.3,0.02,2.33,,,,,,
65,0,2D,-0.2,-0.3,0.02,2.31,,,,,,
61,0,2D,-0.2,-0.25,0.02,2.35,,,,,,
52,0,2D,-0.2,-0.2,0.02,2.14,,,,,,
43,0,2D,-0.2,-0.15,0.02,2.42,,,,,,
13,0,2D,-0.2,-0.1,0.02,2.77,,,,,,
14,0,2D,-0.2,-0.05,0.02,2.68,,,,,,
15,0,2D,-0.2,0,0.02,2.38,,,,,,
16,0,2D,-0.2,0.05,0.02,2.49,,,,,,
17,0,2D,-0.2,0.1,0.02,2.65,,,,,,
18,0,2D,-0.2,0.15,0.02,2.17,,,,,,
19,0,2D,-0.2,0.2,0.02,2.05,,,,,,
20,0,2D,-0.2,0.25,0.02,2.38,,,,,,
21,0,2D,-0.2,0.3,0.02,2.44,,,,,,
64,0,2D,-0.15,-0.3,0.02,1.82,,,,,,
60,0,2D,-0.15,-0.25,0.02,1.88,,,,,,
51,0,2D,-0.15,-0.2,0.02,1.84,,,,,,
42,0,2D,-0.15,-0.15,0.02,2.34,,,,,,
4,0,2D,-0.15,-0.1,0.02,2.82,,,,,,
5,0,2D,-0.15,-0.05,0.02,2.3,,,,,,
6,0,2D,-0.15,0,0.02,2.04,,,,,,
7,0,2D,-0.15,0.05,0.02,2.32,,,,,,
8,0,2D,-0.15,0.1,0.02,2.74,,,,,,
9,0,2D,-0.15,0.15,0.02,2.29,,,,,,
10,0,2D,-0.15,0.2,0.02,2,,,,,,
11,0,2D,-0.15,0.25,0.02,1.94,,,,,,
12,0,2D,-0.15,0.3,0.02,1.99,,,,,,
59,0,2D,-0.1,-0.25,0.02,1.61,,,,,,
50,0,2D,-0.1,-0.2,0.02,1.69,,,,,,
41,0,2D,-0.1,-0.15,0.02,2.12,,,,,,
103,0,2D,-0.1,0.15,0.02,2.23,,,,,,
112,0,2D,-0.1,0.2,0.02,1.58,,,,,,
121,0,2D,-0.1,0.25,0.02,1.48,,,,,,
58,0,2D,-0.05,-0.25,0.02,1.57,,,,,,
49,0,2D,-0.05,-0.2,0.02,1.67,,,,,,
40,0,2D,-0.05,-0.15,0.02,1.7,,,,,,
104,0,2D,-0.05,0.15,0.02,1.57,,,,,,
113,0,2D,-0.05,0.2,0.02,1.39,,,,,,
122,0,2D,-0.05,0.25,0.02,1.45,,,,,,
57,0,2D,0,-0.25,0.02,1.32,,,,,,
48,0,2D,0,-0.2,0.02,1.38,,,,,,
39,0,2D,0,-0.15,0.02,1.56,,,,,,
105,0,2D,0,0.15,0.02,1.59,,,,,,
114,0,2D,0,0.2,0.02,1.33,,,,,,
123,0,2D,0,0.25,0.02,1.29,,,,,,
56,0,2D,0.05,-0.25,0.02,1.22,,,,,,
47,0,2D,0.05,-0.2,0.02,1.38,,,,,,
38,0,2D,0.05,-0.15,0.02,1.62,,,,,,
106,0,2D,0.05,0.15,0.02,1.58,,,,,,
115,0,2D,0.05,0.2,0.02,1.49,,,,,,
124,0,2D,0.05,0.25,0.02,1.22,,,,,,
69,0,2D,0.1,-0.25,0.02,1.2,,,,,,
68,0,2D,0.1,-0.2,0.02,1.39,,,,,,
67,0,2D,0.1,-0.15,0.02,1.68,,,,,,
107,0,2D,0.1,0.15,0.02,1.55,,,,,,
116,0,2D,0.1,0.2,0.02,1.31,,,,,,
125,0,2D,0.1,0.25,0.02,1.24,,,,,,
78,0,2D,0.15,-0.3,0.02,1.07,,,,,,
77,0,2D,0.15,-0.25,0.02,1.26,,,,,,
76,0,2D,0.15,-0.2,0.02,1.47,,,,,,
75,0,2D,0.15,-0.15,0.02,1.68,,,,,,
74,0,2D,0.15,-0.1,0.02,1.59,,,,,,
73,0,2D,0.15,-0.05,0.02,1.05,,,,,,
72,0,2D,0.15,0,0.02,1.3,,,,,,
71,0,2D,0.15,0.05,0.02,0.99,,,,,,
70,0,2D,0.15,0.1,0.02,1.69,,,,,,
108,0,2D,0.15,0.15,0.02,1.6,,,,,,
117,0,2D,0.15,0.2,0.02,1.45,,,,,,
126,0,2D,0.15,0.25,0.02,1.18,,,,,,
130,0,2D,0.15,0.3,0.02,1.08,,,,,,
87,0,2D,0.2,-0.3,0.02,1.13,,,,,,
86,0,2D,0.2,-0.25,0.02,1.24,,,,,,
85,0,2D,0.2,-0.2,0.02,1.39,,,,,,
84,0,2D,0.2,-0.15,0.02,1.7,,,,,,
83,0,2D,0.2,-0.1,0.02,1.52,,,,,,
82,0,2D,0.2,-0.05,0.02,1.43,,,,,,
81,0,2D,0.2,0,0.02,1.34,,,,,,
80,0,2D,0.2,0.05,0.02,1.19,,,,,,
79,0,2D,0.2,0.1,0.02,1.58,,,,,,
109,0,2D,0.2,0.15,0.02,1.64,,,,,,
118,0,2D,0.2,0.2,0.02,1.43,,,,,,
127,0,2D,0.2,0.25,0.02,1.49,,,,,,
131,0,2D,0.2,0.3,0.02,1.3,,,,,,
96,0,2D,0.25,-0.3,0.02,1.34,,,,,,
95,0,2D,0.25,-0.25,0.02,1.49,,,,,,
94,0,2D,0.25,-0.2,0.02,1.58,,,,,,
93,0,2D,0.25,-0.15,0.02,1.55,,,,,,
92,0,2D,0.25,-0.1,0.02,1.39,,,,,,
91,0,2D,0.25,-0.05,0.02,1.15,,,,,,
90,0,2D,0.25,0,0.02,1.17,,,,,,
89,0,2D,0.25,0.05,0.02,1.11,,,,,,
88,0,2D,0.25,0.1,0.02,1.22,,,,,,
110,0,2D,0.25,0.15,0.02,1.52,,,,,,
119,0,2D,0.25,0.2,0.02,1.48,,,,,,
128,0,2D,0.25,0.25,0.02,1.55,,,,,,
132,0,2D,0.25,0.3,0.02,1.54,,,,,,
99,0,2D,0.3,-0.25,0.02,1.57,,,,,,
98,0,2D,0.3,-0.2,0.02,1.56,,,,,,
97,0,2D,0.3,-0.15,0.02,1.61,,,,,,
111,0,2D,0.3,0.15,0.02,1.55,,,,,,
120,0,2D,0.3,0.2,0.02,1.53,,,,,,
129,0,2D,0.3,0.25,0.02,1.64,,,,,,
63,22.5,0D,-0.3,-0.25,0.02,3.41,,,,,,
54,22.5,0D,-0.3,-0.2,0.02,2.76,,,,,,
45,22.5,0D,-0.3,-0.15,0.02,1.65,,,,,,
31,22.5,0D,-0.3,0.15,0.02,2.88,,,,,,
32,22.5,0D,-0.3,0.2,0.02,2.4,,,,,,
33,22.5,0D,-0.3,0.25,0.02,1.83,,,,,,
66,22.5,0D,-0.25,-0.3,0.02,2.11,,,,,,
62,22.5,0D,-0.25,-0.25,0.02,3.15,,,,,,
53,22.5,0D,-0.25,-0.2,0.02,2.36,,,,,,
44,22.5,0D,-0.25,-0.15,0.02,1.61,,,,,,
22,22.5,0D,-0.25,-0.1,0.02,0.96,,,,,,
23,22.5,0D,-0.25,-0.05,0.02,0.79,,,,,,
24,22.5,0D,-0.25,0,0.02,0.88,,,,,,
25,22.5,0D,-0.25,0.05,0.02,0.77,,,,,,
26,22.5,0D,-0.25,0.1,0.02,2.95,,,,,,
27,22.5,0D,-0.25,0.15,0.02,2.54,,,,,,
28,22.5,0D,-0.25,0.2,0.02,1.91,,,,,,
29,22.5,0D,-0.25,0.25,0.02,1.48,,,,,,
30,22.5,0D,-0.25,0.3,0.02,1.25,,,,,,
65,22.5,0D,-0.2,-0.3,0.02,2.59,,,,,,
61,22.5,0D,-0.2,-0.25,0.02,2.65,,,,,,
52,22.5,0D,-0.2,-0.2,0.02,2,,,,,,
43,22.5,0D,-0.2,-0.15,0.02,1.57,,,,,,
13,22.5,0D,-0.2,-0.1,0.02,1.29,,,,,,
14,22.5,0D,-0.2,-0.05,0.02,1.23,,,,,,
15,22.5,0D,-0.2,0,0.02,1.25,,,,,,
16,22.5,0D,-0.2,0.05,0.02,1.51,,,,,,
17,22.5,0D,-0.2,0.1,0.02,2.89,,,,,,
18,22.5,0D,-0.2,0.15,0.02,2.3,,,,,,
19,22.5,0D,-0.2,0.2,0.02,1.76,,,,,,
20,22.5,0D,-0.2,0.25,0.02,1.45,,,,,,
21,22.5,0D,-0.2,0.3,0.02,1.32,,,,,,
64,22.5,0D,-0.15,-0.3,0.02,2.41,,,,,,
60,22.5,0D,-0.15,-0.25,0.02,2.08,,,,,,
51,22.5,0D,-0.15,-0.2,0.02,1.74,,,,,,
42,22.5,0D,-0.15,-0.15,0.02,1.36,,,,,,
4,22.5,0D,-0.15,-0.1,0.02,1.31,,,,,,
5,22.5,0D,-0.15,-0.05,0.02,1.34,,,,,,
6,22.5,0D,-0.15,0,0.02,1.47,,,,,,
7,22.5,0D,-0.15,0.05,0.02,2.08,,,,,,
8,22.5,0D,-0.15,0.1,0.02,2.79,,,,,,
9,22.5,0D,-0.15,0.15,0.02,2.49,,,,,,
10,22.5,0D,-0.15,0.2,0.02,2.19,,,,,,
11,22.5,0D,-0.15,0.25,0.02,2.1,,,,,,
12,22.5,0D,-0.15,0.3,0.02,2.1,,,,,,
59,22.5,0D,-0.1,-0.25,0.02,1.7,,,,,,
50,22.5,0D,-0.1,-0.2,0.02,1.48,,,,,,
41,22.5,0D,-0.1,-0.15,0.02,1.19,,,,,,
103,22.5,0D,-0.1,0.15,0.02,2.77,,,,,,
112,22.5,0D,-0.1,0.2,0.02,2.79,,,,,,
121,22.5,0D,-0.1,0.25,0.02,2.97,,,,,,
58,22.5,0D,-0.05,-0.25,0.02,1.58,,,,,,
49,22.5,0D,-0.05,-0.2,0.02,1.65,,,,,,
40,22.5,0D,-0.05,-0.15,0.02,1.33,,,,,,
104,22.5,0D,-0.05,0.15,0.02,2.43,,,,,,
113,22.5,0D,-0.05,0.2,0.02,1.66,,,,,,
122,22.5,0D,-0.05,0.25,0.02,0.8,,,,,,
57,22.5,0D,0,-0.25,0.02,1.64,,,,,,
48,22.5,0D,0,-0.2,0.02,1.51,,,,,,
39,22.5,0D,0,-0.15,0.02,1.41,,,,,,
105,22.5,0D,0,0.15,0.02,1.63,,,,,,
114,22.5,0D,0,0.2,0.02,1.21,,,,,,
123,22.5,0D,0,0.25,0.02,0.95,,,,,,
56,22.5,0D,0.05,-0.25,0.02,1.88,,,,,,
47,22.5,0D,0.05,-0.2,0.02,1.6,,,,,,
38,22.5,0D,0.05,-0.15,0.02,1.3,,,,,,
106,22.5,0D,0.05,0.15,0.02,1.2,,,,,,
115,22.5,0D,0.05,0.2,0.02,1.29,,,,,,
124,22.5,0D,0.05,0.25,0.02,1.07,,,,,,
69,22.5,0D,0.1,-0.25,0.02,2.11,,,,,,
68,22.5,0D,0.1,-0.2,0.02,1.75,,,,,,
67,22.5,0D,0.1,-0.15,0.02,1.44,,,,,,
107,22.5,0D,0.1,0.15,0.02,0.98,,,,,,
116,22.5,0D,0.1,0.2,0.02,1.08,,,,,,
125,22.5,0D,0.1,0.25,0.02,1.13,,,,,,
78,22.5,0D,0.15,-0.3,0.02,2.61,,,,,,
77,22.5,0D,0.15,-0.25,0.02,2.14,,,,,,
76,22.5,0D,0.15,-0.2,0.02,1.76,,,,,,
75,22.5,0D,0.15,-0.15,0.02,1.43,,,,,,
74,22.5,0D,0.15,-0.1,0.02,1.1,,,,,,
73,22.5,0D,0.15,-0.05,0.02,1.07,,,,,,
72,22.5,0D,0.15,0,0.02,1.08,,,,,,
71,22.5,0D,0.15,0.05,0.02,1,,,,,,
70,22.5,0D,0.15,0.1,0.02,1.11,,,,,,
108,22.5,0D,0.15,0.15,0.02,1.07,,,,,,
117,22.5,0D,0.15,0.2,0.02,1.28,,,,,,
126,22.5,0D,0.15,0.25,0.02,1.14,,,,,,
130,22.5,0D,0.15,0.3,0.02,1.24,,,,,,
87,22.5,0D,0.2,-0.3,0.02,2.33,,,,,,
86,22.5,0D,0.2,-0.25,0.02,1.93,,,,,,
85,22.5,0D,0.2,-0.2,0.02,1.69,,,,,,
84,22.5,0D,0.2,-0.15,0.02,1.59,,,,,,
83,22.5,0D,0.2,-0.1,0.02,1.24,,,,,,
82,22.5,0D,0.2,-0.05,0.02,1.39,,,,,,
81,22.5,0D,0.2,0,0.02,1.06,,,,,,
80,22.5,0D,0.2,0.05,0.02,0.92,,,,,,
79,22.5,0D,0.2,0.1,0.02,1.06,,,,,,
109,22.5,0D,0.2,0.15,0.02,1.27,,,,,,
118,22.5,0D,0.2,0.2,0.02,1.29,,,,,,
127,22.5,0D,0.2,0.25,0.02,1.48,,,,,,
131,22.5,0D,0.2,0.3,0.02,1.18,,,,,,
96,22.5,0D,0.25,-0.3,0.02,1.57,,,,,,
95,22.5,0D,0.25,-0.25,0.02,1.77,,,,,,
94,22.5,0D,0.25,-0.2,0.02,1.75,,,,,,
93,22.5,0D,0.25,-0.15,0.02,1.68,,,,,,
92,22.5,0D,0.25,-0.1,0.02,1.67,,,,,,
91,22.5,0D,0.25,-0.05,0.02,1.42,,,,,,
90,22.5,0D,0.25,0,0.02,1.1,,,,,,
89,22.5,0D,0.25,0.05,0.02,0.97,,,,,,
88,22.5,0D,0.25,0.1,0.02,1.04,,,,,,
110,22.5,0D,0.25,0.15,0.02,1.47,,,,,,
119,22.5,0D,0.25,0.2,0.02,1.58,,,,,,
128,22.5,0D,0.25,0.25,0.02,1.79,,,,,,
132,22.5,0D,0.25,0.3,0.02,1.85,,,,,,
99,22.5,0D,0.3,-0.25,0.02,1.79,,,,,,
98,22.5,0D,0.3,-0.2,0.02,2,,,,,,
97,22.5,0D,0.3,-0.15,0.02,2.3,,,,,,
111,22.5,0D,0.3,0.15,0.02,1.9,,,,,,
120,22.5,0D,0.3,0.2,0.02,2.5,,,,,,
129,22.5,0D,0.3,0.25,0.02,3.2,,,,,,
63,22.5,1D,-0.3,-0.25,0.02,3.22,,,,,,
54,22.5,1D,-0.3,-0.2,0.02,2.41,,,,,,
45,22.5,1D,-0.3,-0.15,0.02,1.67,,,,,,
31,22.5,1D,-0.3,0.15,0.02,2.96,,,,,,
32,22.5,1D,-0.3,0.2,0.02,2.44,,,,,,
33,22.5,1D,-0.3,0.25,0.02,1.82,,,,,,
66,22.5,1D,-0.25,-0.3,0.02,2.66,,,,,,
62,22.5,1D,-0.25,-0.25,0.02,2.82,,,,,,
53,22.5,1D,-0.25,-0.2,0.02,1.88,,,,,,
44,22.5,1D,-0.25,-0.15,0.02,1.53,,,,,,
22,22.5,1D,-0.25,-0.1,0.02,1.19,,,,,,
23,22.5,1D,-0.25,-0.05,0.02,0.88,,,,,,
24,22.5,1D,-0.25,0,0.02,0.84,,,,,,
25,22.5,1D,-0.25,0.05,0.02,0.74,,,,,,
26,22.5,1D,-0.25,0.1,0.02,2.68,,,,,,
27,22.5,1D,-0.25,0.15,0.02,2.46,,,,,,
28,22.5,1D,-0.25,0.2,0.02,1.86,,,,,,
29,22.5,1D,-0.25,0.25,0.02,1.45,,,,,,
30,22.5,1D,-0.25,0.3,0.02,1.16,,,,,,
65,22.5,1D,-0.2,-0.3,0.02,2.97,,,,,,
61,22.5,1D,-0.2,-0.25,0.02,2.33,,,,,,
52,22.5,1D,-0.2,-0.2,0.02,1.64,,,,,,
43,22.5,1D,-0.2,-0.15,0.02,1.52,,,,,,
13,22.5,1D,-0.2,-0.1,0.02,1.32,,,,,,
14,22.5,1D,-0.2,-0.05,0.02,1.08,,,,,,
15,22.5,1D,-0.2,0,0.02,0.93,,,,,,
16,22.5,1D,-0.2,0.05,0.02,1.37,,,,,,
17,22.5,1D,-0.2,0.1,0.02,2.6,,,,,,
18,22.5,1D,-0.2,0.15,0.02,2.12,,,,,,
19,22.5,1D,-0.2,0.2,0.02,1.63,,,,,,
20,22.5,1D,-0.2,0.25,0.02,1.44,,,,,,
21,22.5,1D,-0.2,0.3,0.02,1.28,,,,,,
64,22.5,1D,-0.15,-0.3,0.02,2.47,,,,,,
60,22.5,1D,-0.15,-0.25,0.02,2.1,,,,,,
51,22.5,1D,-0.15,-0.2,0.02,1.92,,,,,,
42,22.5,1D,-0.15,-0.15,0.02,1.84,,,,,,
4,22.5,1D,-0.15,-0.1,0.02,1.93,,,,,,
5,22.5,1D,-0.15,-0.05,0.02,2.24,,,,,,
6,22.5,1D,-0.15,0,0.02,2.12,,,,,,
7,22.5,1D,-0.15,0.05,0.02,2.24,,,,,,
8,22.5,1D,-0.15,0.1,0.02,2.16,,,,,,
9,22.5,1D,-0.15,0.15,0.02,2.07,,,,,,
10,22.5,1D,-0.15,0.2,0.02,2.01,,,,,,
11,22.5,1D,-0.15,0.25,0.02,2.05,,,,,,
12,22.5,1D,-0.15,0.3,0.02,2.11,,,,,,
59,22.5,1D,-0.1,-0.25,0.02,2.05,,,,,,
50,22.5,1D,-0.1,-0.2,0.02,2.27,,,,,,
41,22.5,1D,-0.1,-0.15,0.02,2.48,,,,,,
103,22.5,1D,-0.1,0.15,0.02,2.29,,,,,,
112,22.5,1D,-0.1,0.2,0.02,2.68,,,,,,
121,22.5,1D,-0.1,0.25,0.02,3.21,,,,,,
58,22.5,1D,-0.05,-0.25,0.02,2.11,,,,,,
49,22.5,1D,-0.05,-0.2,0.02,1.94,,,,,,
40,22.5,1D,-0.05,-0.15,0.02,1,,,,,,
104,22.5,1D,-0.05,0.15,0.02,2.46,,,,,,
113,22.5,1D,-0.05,0.2,0.02,2.18,,,,,,
122,22.5,1D,-0.05,0.25,0.02,1.17,,,,,,
57,22.5,1D,0,-0.25,0.02,2,,,,,,
48,22.5,1D,0,-0.2,0.02,1.54,,,,,,
39,22.5,1D,0,-0.15,0.02,1.05,,,,,,
105,22.5,1D,0,0.15,0.02,2.38,,,,,,
114,22.5,1D,0,0.2,0.02,1.69,,,,,,
123,22.5,1D,0,0.25,0.02,1.04,,,,,,
56,22.5,1D,0.05,-0.25,0.02,1.86,,,,,,
47,22.5,1D,0.05,-0.2,0.02,1.25,,,,,,
38,22.5,1D,0.05,-0.15,0.02,0.84,,,,,,
106,22.5,1D,0.05,0.15,0.02,2.17,,,,,,
115,22.5,1D,0.05,0.2,0.02,1.55,,,,,,
124,22.5,1D,0.05,0.25,0.02,0.97,,,,,,
69,22.5,1D,0.1,-0.25,0.02,1.66,,,,,,
68,22.5,1D,0.1,-0.2,0.02,1.2,,,,,,
67,22.5,1D,0.1,-0.15,0.02,1.05,,,,,,
107,22.5,1D,0.1,0.15,0.02,1.91,,,,,,
116,22.5,1D,0.1,0.2,0.02,1.18,,,,,,
125,22.5,1D,0.1,0.25,0.02,0.99,,,,,,
78,22.5,1D,0.15,-0.3,0.02,2.27,,,,,,
77,22.5,1D,0.15,-0.25,0.02,1.54,,,,,,
76,22.5,1D,0.15,-0.2,0.02,1.28,,,,,,
75,22.5,1D,0.15,-0.15,0.02,1.04,,,,,,
74,22.5,1D,0.15,-0.1,0.02,0.89,,,,,,
73,22.5,1D,0.15,-0.05,0.02,0.91,,,,,,
72,22.5,1D,0.15,0,0.02,0.79,,,,,,
71,22.5,1D,0.15,0.05,0.02,0.49,,,,,,
70,22.5,1D,0.15,0.1,0.02,2.12,,,,,,
108,22.5,1D,0.15,0.15,0.02,1.61,,,,,,
117,22.5,1D,0.15,0.2,0.02,1.23,,,,,,
126,22.5,1D,0.15,0.25,0.02,0.9,,,,,,
130,22.5,1D,0.15,0.3,0.02,1.13,,,,,,
87,22.5,1D,0.2,-0.3,0.02,1.86,,,,,,
86,22.5,1D,0.2,-0.25,0.02,1.46,,,,,,
85,22.5,1D,0.2,-0.2,0.02,1.37,,,,,,
84,22.5,1D,0.2,-0.15,0.02,1.46,,,,,,
83,22.5,1D,0.2,-0.1,0.02,1.22,,,,,,
82,22.5,1D,0.2,-0.05,0.02,1.42,,,,,,
81,22.5,1D,0.2,0,0.02,0.9,,,,,,
80,22.5,1D,0.2,0.05,0.02,0.87,,,,,,
79,22.5,1D,0.2,0.1,0.02,2.06,,,,,,
109,22.5,1D,0.2,0.15,0.02,1.5,,,,,,
118,22.5,1D,0.2,0.2,0.02,1.25,,,,,,
127,22.5,1D,0.2,0.25,0.02,1.3,,,,,,
131,22.5,1D,0.2,0.3,0.02,1.2,,,,,,
96,22.5,1D,0.25,-0.3,0.02,1.37,,,,,,
95,22.5,1D,0.25,-0.25,0.02,1.54,,,,,,
94,22.5,1D,0.25,-0.2,0.02,1.64,,,,,,
93,22.5,1D,0.25,-0.15,0.02,1.64,,,,,,
92,22.5,1D,0.25,-0.1,0.02,1.64,,,,,,
91,22.5,1D,0.25,-0.05,0.02,1.66,,,,,,
90,22.5,1D,0.25,0,0.02,1.58,,,,,,
89,22.5,1D,0.25,0.05,0.02,1.58,,,,,,
88,22.5,1D,0.25,0.1,0.02,1.55,,,,,,
110,22.5,1D,0.25,0.15,0.02,1.55,,,,,,
119,22.5,1D,0.25,0.2,0.02,1.59,,,,,,
128,22.5,1D,0.25,0.25,0.02,1.7,,,,,,
132,22.5,1D,0.25,0.3,0.02,1.64,,,,,,
99,22.5,1D,0.3,-0.25,0.02,1.48,,,,,,
98,22.5,1D,0.3,-0.2,0.02,1.8,,,,,,
97,22.5,1D,0.3,-0.15,0.02,2.04,,,,,,
111,22.5,1D,0.3,0.15,0.02,1.82,,,,,,
120,22.5,1D,0.3,0.2,0.02,2.45,,,,,,
129,22.5,1D,0.3,0.25,0.02,3.19,,,,,,
63,22.5,2D,-0.3,-0.25,0.02,2.47,,,,,,
54,22.5,2D,-0.3,-0.2,0.02,1.67,,,,,,
45,22.5,2D,-0.3,-0.15,0.02,1.66,,,,,,
31,22.5,2D,-0.3,0.15,0.02,2.69,,,,,,
32,22.5,2D,-0.3,0.2,0.02,2.3,,,,,,
33,22.5,2D,-0.3,0.25,0.02,1.73,,,,,,
66,22.5,2D,-0.25,-0.3,0.02,3.32,,,,,,
62,22.5,2D,-0.25,-0.25,0.02,2.33,,,,,,
53,22.5,2D,-0.25,-0.2,0.02,1.93,,,,,,
44,22.5,2D,-0.25,-0.15,0.02,2.02,,,,,,
22,22.5,2D,-0.25,-0.1,0.02,1.93,,,,,,
23,22.5,2D,-0.25,-0.05,0.02,1.47,,,,,,
24,22.5,2D,-0.25,0,0.02,1.41,,,,,,
25,22.5,2D,-0.25,0.05,0.02,1.27,,,,,,
26,22.5,2D,-0.25,0.1,0.02,2.12,,,,,,
27,22.5,2D,-0.25,0.15,0.02,2.51,,,,,,
28,22.5,2D,-0.25,0.2,0.02,1.92,,,,,,
29,22.5,2D,-0.25,0.25,0.02,1.53,,,,,,
30,22.5,2D,-0.25,0.3,0.02,1.1,,,,,,
65,22.5,2D,-0.2,-0.3,0.02,2.88,,,,,,
61,22.5,2D,-0.2,-0.25,0.02,2.45,,,,,,
52,22.5,2D,-0.2,-0.2,0.02,2.51,,,,,,
43,22.5,2D,-0.2,-0.15,0.02,2.62,,,,,,
13,22.5,2D,-0.2,-0.1,0.02,2.32,,,,,,
14,22.5,2D,-0.2,-0.05,0.02,2.02,,,,,,
15,22.5,2D,-0.2,0,0.02,1.75,,,,,,
16,22.5,2D,-0.2,0.05,0.02,1.62,,,,,,
17,22.5,2D,-0.2,0.1,0.02,2.11,,,,,,
18,22.5,2D,-0.2,0.15,0.02,2.16,,,,,,
19,22.5,2D,-0.2,0.2,0.02,1.69,,,,,,
20,22.5,2D,-0.2,0.25,0.02,1.38,,,,,,
21,22.5,2D,-0.2,0.3,0.02,1.07,,,,,,
64,22.5,2D,-0.15,-0.3,0.02,2.52,,,,,,
60,22.5,2D,-0.15,-0.25,0.02,2.69,,,,,,
51,22.5,2D,-0.15,-0.2,0.02,2.75,,,,,,
42,22.5,2D,-0.15,-0.15,0.02,2.98,,,,,,
4,22.5,2D,-0.15,-0.1,0.02,2.71,,,,,,
5,22.5,2D,-0.15,-0.05,0.02,2.64,,,,,,
6,22.5,2D,-0.15,0,0.02,2.32,,,,,,
7,22.5,2D,-0.15,0.05,0.02,2.16,,,,,,
8,22.5,2D,-0.15,0.1,0.02,1.75,,,,,,
9,22.5,2D,-0.15,0.15,0.02,1.95,,,,,,
10,22.5,2D,-0.15,0.2,0.02,1.9,,,,,,
11,22.5,2D,-0.15,0.25,0.02,1.81,,,,,,
12,22.5,2D,-0.15,0.3,0.02,1.79,,,,,,
59,22.5,2D,-0.1,-0.25,0.02,2.54,,,,,,
50,22.5,2D,-0.1,-0.2,0.02,2.94,,,,,,
41,22.5,2D,-0.1,-0.15,0.02,3.63,,,,,,
103,22.5,2D,-0.1,0.15,0.02,2.04,,,,,,
112,22.5,2D,-0.1,0.2,0.02,2.41,,,,,,
121,22.5,2D,-0.1,0.25,0.02,2.85,,,,,,
58,22.5,2D,-0.05,-0.25,0.02,2.71,,,,,,
49,22.5,2D,-0.05,-0.2,0.02,3.21,,,,,,
40,22.5,2D,-0.05,-0.15,0.02,3.35,,,,,,
104,22.5,2D,-0.05,0.15,0.02,2.32,,,,,,
113,22.5,2D,-0.05,0.2,0.02,2.29,,,,,,
122,22.5,2D,-0.05,0.25,0.02,1.5,,,,,,
57,22.5,2D,0,-0.25,0.02,2.95,,,,,,
48,22.5,2D,0,-0.2,0.02,3.42,,,,,,
39,22.5,2D,0,-0.15,0.02,2.99,,,,,,
105,22.5,2D,0,0.15,0.02,2.36,,,,,,
114,22.5,2D,0,0.2,0.02,1.98,,,,,,
123,22.5,2D,0,0.25,0.02,1.26,,,,,,
56,22.5,2D,0.05,-0.25,0.02,3.27,,,,,,
47,22.5,2D,0.05,-0.2,0.02,3.34,,,,,,
38,22.5,2D,0.05,-0.15,0.02,2.72,,,,,,
106,22.5,2D,0.05,0.15,0.02,2.34,,,,,,
115,22.5,2D,0.05,0.2,0.02,1.84,,,,,,
124,22.5,2D,0.05,0.25,0.02,1.22,,,,,,
69,22.5,2D,0.1,-0.25,0.02,3.08,,,,,,
68,22.5,2D,0.1,-0.2,0.02,3.14,,,,,,
67,22.5,2D,0.1,-0.15,0.02,2.85,,,,,,
107,22.5,2D,0.1,0.15,0.02,2.27,,,,,,
116,22.5,2D,0.1,0.2,0.02,1.62,,,,,,
125,22.5,2D,0.1,0.25,0.02,1.29,,,,,,
78,22.5,2D,0.15,-0.3,0.02,2.54,,,,,,
77,22.5,2D,0.15,-0.25,0.02,2.93,,,,,,
76,22.5,2D,0.15,-0.2,0.02,2.82,,,,,,
75,22.5,2D,0.15,-0.15,0.02,2.45,,,,,,
74,22.5,2D,0.15,-0.1,0.02,2.05,,,,,,
73,22.5,2D,0.15,-0.05,0.02,1.7,,,,,,
72,22.5,2D,0.15,0,0.02,1.38,,,,,,
71,22.5,2D,0.15,0.05,0.02,0.92,,,,,,
70,22.5,2D,0.15,0.1,0.02,2.93,,,,,,
108,22.5,2D,0.15,0.15,0.02,2.07,,,,,,
117,22.5,2D,0.15,0.2,0.02,1.6,,,,,,
126,22.5,2D,0.15,0.25,0.02,1.15,,,,,,
130,22.5,2D,0.15,0.3,0.02,1.25,,,,,,
87,22.5,2D,0.2,-0.3,0.02,2.51,,,,,,
86,22.5,2D,0.2,-0.25,0.02,2.66,,,,,,
85,22.5,2D,0.2,-0.2,0.02,2.39,,,,,,
84,22.5,2D,0.2,-0.15,0.02,1.92,,,,,,
83,22.5,2D,0.2,-0.1,0.02,1.56,,,,,,
82,22.5,2D,0.2,-0.05,0.02,1.82,,,,,,
81,22.5,2D,0.2,0,0.02,1.55,,,,,,
80,22.5,2D,0.2,0.05,0.02,1.94,,,,,,
79,22.5,2D,0.2,0.1,0.02,2.46,,,,,,
109,22.5,2D,0.2,0.15,0.02,1.94,,,,,,
118,22.5,2D,0.2,0.2,0.02,1.59,,,,,,
127,22.5,2D,0.2,0.25,0.02,1.42,,,,,,
131,22.5,2D,0.2,0.3,0.02,1.26,,,,,,
96,22.5,2D,0.25,-0.3,0.02,2.16,,,,,,
95,22.5,2D,0.25,-0.25,0.02,2.42,,,,,,
94,22.5,2D,0.25,-0.2,0.02,2.16,,,,,,
93,22.5,2D,0.25,-0.15,0.02,1.75,,,,,,
92,22.5,2D,0.25,-0.1,0.02,1.62,,,,,,
91,22.5,2D,0.25,-0.05,0.02,1.89,,,,,,
90,22.5,2D,0.25,0,0.02,2.19,,,,,,
89,22.5,2D,0.25,0.05,0.02,2.21,,,,,,
88,22.5,2D,0.25,0.1,0.02,1.79,,,,,,
110,22.5,2D,0.25,0.15,0.02,1.8,,,,,,
119,22.5,2D,0.25,0.2,0.02,1.77,,,,,,
128,22.5,2D,0.25,0.25,0.02,1.8,,,,,,
132,22.5,2D,0.25,0.3,0.02,1.66,,,,,,
99,22.5,2D,0.3,-0.25,0.02,2.21,,,,,,
98,22.5,2D,0.3,-0.2,0.02,2.29,,,,,,
97,22.5,2D,0.3,-0.15,0.02,2.29,,,,,,
111,22.5,2D,0.3,0.15,0.02,1.86,,,,,,
120,22.5,2D,0.3,0.2,0.02,2.29,,,,,,
129,22.5,2D,0.3,0.25,0.02,2.94,,,,,,
63,45,0D,-0.3,-0.25,0.02,3.19,,,,,,
54,45,0D,-0.3,-0.2,0.02,1.54,,,,,,
45,45,0D,-0.3,-0.15,0.02,1.06,,,,,,
31,45,0D,-0.3,0.15,0.02,2.73,,,,,,
32,45,0D,-0.3,0.2,0.02,1.54,,,,,,
33,45,0D,-0.3,0.25,0.02,1.5,,,,,,
66,45,0D,-0.25,-0.3,0.02,2.9,,,,,,
62,45,0D,-0.25,-0.25,0.02,2.78,,,,,,
53,45,0D,-0.25,-0.2,0.02,1.59,,,,,,
44,45,0D,-0.25,-0.15,0.02,1.33,,,,,,
22,45,0D,-0.25,-0.1,0.02,1.24,,,,,,
23,45,0D,-0.25,-0.05,0.02,1.01,,,,,,
24,45,0D,-0.25,0,0.02,1.03,,,,,,
25,45,0D,-0.25,0.05,0.02,0.83,,,,,,
26,45,0D,-0.25,0.1,0.02,3.32,,,,,,
27,45,0D,-0.25,0.15,0.02,2.23,,,,,,
28,45,0D,-0.25,0.2,0.02,1.46,,,,,,
29,45,0D,-0.25,0.25,0.02,1.48,,,,,,
30,45,0D,-0.25,0.3,0.02,1.24,,,,,,
65,45,0D,-0.2,-0.3,0.02,3.02,,,,,,
61,45,0D,-0.2,-0.25,0.02,2.15,,,,,,
52,45,0D,-0.2,-0.2,0.02,1.54,,,,,,
43,45,0D,-0.2,-0.15,0.02,1.48,,,,,,
13,45,0D,-0.2,-0.1,0.02,1.51,,,,,,
14,45,0D,-0.2,-0.05,0.02,1.35,,,,,,
15,45,0D,-0.2,0,0.02,1.23,,,,,,
16,45,0D,-0.2,0.05,0.02,1.78,,,,,,
17,45,0D,-0.2,0.1,0.02,3.15,,,,,,
18,45,0D,-0.2,0.15,0.02,2.06,,,,,,
19,45,0D,-0.2,0.2,0.02,1.52,,,,,,
20,45,0D,-0.2,0.25,0.02,1.51,,,,,,
21,45,0D,-0.2,0.3,0.02,1.49,,,,,,
64,45,0D,-0.15,-0.3,0.02,2.18,,,,,,
60,45,0D,-0.15,-0.25,0.02,1.71,,,,,,
51,45,0D,-0.15,-0.2,0.02,1.6,,,,,,
42,45,0D,-0.15,-0.15,0.02,1.34,,,,,,
4,45,0D,-0.15,-0.1,0.02,1.45,,,,,,
5,45,0D,-0.15,-0.05,0.02,1.45,,,,,,
6,45,0D,-0.15,0,0.02,1.84,,,,,,
7,45,0D,-0.15,0.05,0.02,2.73,,,,,,
8,45,0D,-0.15,0.1,0.02,2.98,,,,,,
9,45,0D,-0.15,0.15,0.02,2.47,,,,,,
10,45,0D,-0.15,0.2,0.02,2.16,,,,,,
11,45,0D,-0.15,0.25,0.02,2.45,,,,,,
12,45,0D,-0.15,0.3,0.02,2.86,,,,,,
59,45,0D,-0.1,-0.25,0.02,1.53,,,,,,
50,45,0D,-0.1,-0.2,0.02,1.37,,,,,,
41,45,0D,-0.1,-0.15,0.02,1.09,,,,,,
103,45,0D,-0.1,0.15,0.02,3.11,,,,,,
112,45,0D,-0.1,0.2,0.02,3.17,,,,,,
121,45,0D,-0.1,0.25,0.02,3.41,,,,,,
58,45,0D,-0.05,-0.25,0.02,1.46,,,,,,
49,45,0D,-0.05,-0.2,0.02,1.48,,,,,,
40,45,0D,-0.05,-0.15,0.02,1.17,,,,,,
104,45,0D,-0.05,0.15,0.02,2.4,,,,,,
113,45,0D,-0.05,0.2,0.02,1.43,,,,,,
122,45,0D,-0.05,0.25,0.02,0.79,,,,,,
57,45,0D,0,-0.25,0.02,1.52,,,,,,
48,45,0D,0,-0.2,0.02,1.38,,,,,,
39,45,0D,0,-0.15,0.02,1.34,,,,,,
105,45,0D,0,0.15,0.02,1.66,,,,,,
114,45,0D,0,0.2,0.02,1.34,,,,,,
123,45,0D,0,0.25,0.02,1.12,,,,,,
56,45,0D,0.05,-0.25,0.02,1.86,,,,,,
47,45,0D,0.05,-0.2,0.02,1.49,,,,,,
38,45,0D,0.05,-0.15,0.02,1.47,,,,,,
106,45,0D,0.05,0.15,0.02,1.51,,,,,,
115,45,0D,0.05,0.2,0.02,1.55,,,,,,
124,45,0D,0.05,0.25,0.02,1.23,,,,,,
69,45,0D,0.1,-0.25,0.02,2.04,,,,,,
68,45,0D,0.1,-0.2,0.02,1.76,,,,,,
67,45,0D,0.1,-0.15,0.02,1.63,,,,,,
107,45,0D,0.1,0.15,0.02,1.44,,,,,,
116,45,0D,0.1,0.2,0.02,1.47,,,,,,
125,45,0D,0.1,0.25,0.02,1.34,,,,,,
78,45,0D,0.15,-0.3,0.02,2.55,,,,,,
77,45,0D,0.15,-0.25,0.02,2.09,,,,,,
76,45,0D,0.15,-0.2,0.02,1.86,,,,,,
75,45,0D,0.15,-0.15,0.02,1.66,,,,,,
74,45,0D,0.15,-0.1,0.02,1.51,,,,,,
73,45,0D,0.15,-0.05,0.02,1.47,,,,,,
72,45,0D,0.15,0,0.02,1.39,,,,,,
71,45,0D,0.15,0.05,0.02,1.24,,,,,,
70,45,0D,0.15,0.1,0.02,1.33,,,,,,
108,45,0D,0.15,0.15,0.02,1.48,,,,,,
117,45,0D,0.15,0.2,0.02,1.56,,,,,,
126,45,0D,0.15,0.25,0.02,1.32,,,,,,
130,45,0D,0.15,0.3,0.02,1.15,,,,,,
87,45,0D,0.2,-0.3,0.02,2.15,,,,,,
86,45,0D,0.2,-0.25,0.02,1.94,,,,,,
85,45,0D,0.2,-0.2,0.02,1.84,,,,,,
84,45,0D,0.2,-0.15,0.02,1.83,,,,,,
83,45,0D,0.2,-0.1,0.02,1.69,,,,,,
82,45,0D,0.2,-0.05,0.02,1.71,,,,,,
81,45,0D,0.2,0,0.02,1.4,,,,,,
80,45,0D,0.2,0.05,0.02,1.27,,,,,,
79,45,0D,0.2,0.1,0.02,1.37,,,,,,
109,45,0D,0.2,0.15,0.02,1.6,,,,,,
118,45,0D,0.2,0.2,0.02,1.68,,,,,,
127,45,0D,0.2,0.25,0.02,1.85,,,,,,
131,45,0D,0.2,0.3,0.02,1.68,,,,,,
96,45,0D,0.25,-0.3,0.02,1.66,,,,,,
95,45,0D,0.25,-0.25,0.02,1.82,,,,,,
94,45,0D,0.25,-0.2,0.02,1.94,,,,,,
93,45,0D,0.25,-0.15,0.02,2.09,,,,,,
92,45,0D,0.25,-0.1,0.02,2.07,,,,,,
91,45,0D,0.25,-0.05,0.02,1.79,,,,,,
90,45,0D,0.25,0,0.02,1.44,,,,,,
89,45,0D,0.25,0.05,0.02,1.41,,,,,,
88,45,0D,0.25,0.1,0.02,1.44,,,,,,
110,45,0D,0.25,0.15,0.02,1.81,,,,,,
119,45,0D,0.25,0.2,0.02,2.18,,,,,,
128,45,0D,0.25,0.25,0.02,2.79,,,,,,
132,45,0D,0.25,0.3,0.02,3.22,,,,,,
99,45,0D,0.3,-0.25,0.02,1.73,,,,,,
98,45,0D,0.3,-0.2,0.02,2.21,,,,,,
97,45,0D,0.3,-0.15,0.02,2.7,,,,,,
111,45,0D,0.3,0.15,0.02,2.26,,,,,,
120,45,0D,0.3,0.2,0.02,3.27,,,,,,
129,45,0D,0.3,0.25,0.02,3.59,,,,,,
63,45,1D,-0.3,-0.25,0.02,2.37,,,,,,
54,45,1D,-0.3,-0.2,0.02,1.35,,,,,,
45,45,1D,-0.3,-0.15,0.02,1.68,,,,,,
31,45,1D,-0.3,0.15,0.02,2.66,,,,,,
32,45,1D,-0.3,0.2,0.02,1.49,,,,,,
33,45,1D,-0.3,0.25,0.02,1.54,,,,,,
66,45,1D,-0.25,-0.3,0.02,3.3,,,,,,
62,45,1D,-0.25,-0.25,0.02,1.91,,,,,,
53,45,1D,-0.25,-0.2,0.02,1.31,,,,,,
44,45,1D,-0.25,-0.15,0.02,1.64,,,,,,
22,45,1D,-0.25,-0.1,0.02,1.31,,,,,,
23,45,1D,-0.25,-0.05,0.02,0.92,,,,,,
24,45,1D,-0.25,0,0.02,1.01,,,,,,
25,45,1D,-0.25,0.05,0.02,0.88,,,,,,
26,45,1D,-0.25,0.1,0.02,3.53,,,,,,
27,45,1D,-0.25,0.15,0.02,2.21,,,,,,
28,45,1D,-0.25,0.2,0.02,1.48,,,,,,
29,45,1D,-0.25,0.25,0.02,1.48,,,,,,
30,45,1D,-0.25,0.3,0.02,1.23,,,,,,
65,45,1D,-0.2,-0.3,0.02,2.76,,,,,,
61,45,1D,-0.2,-0.25,0.02,1.83,,,,,,
52,45,1D,-0.2,-0.2,0.02,1.62,,,,,,
43,45,1D,-0.2,-0.15,0.02,1.91,,,,,,
13,45,1D,-0.2,-0.1,0.02,1.94,,,,,,
14,45,1D,-0.2,-0.05,0.02,1.8,,,,,,
15,45,1D,-0.2,0,0.02,1.67,,,,,,
16,45,1D,-0.2,0.05,0.02,2.27,,,,,,
17,45,1D,-0.2,0.1,0.02,2.94,,,,,,
18,45,1D,-0.2,0.15,0.02,1.87,,,,,,
19,45,1D,-0.2,0.2,0.02,1.46,,,,,,
20,45,1D,-0.2,0.25,0.02,1.51,,,,,,
21,45,1D,-0.2,0.3,0.02,1.57,,,,,,
64,45,1D,-0.15,-0.3,0.02,2.21,,,,,,
60,45,1D,-0.15,-0.25,0.02,1.94,,,,,,
51,45,1D,-0.15,-0.2,0.02,2.04,,,,,,
42,45,1D,-0.15,-0.15,0.02,2.35,,,,,,
4,45,1D,-0.15,-0.1,0.02,2.7,,,,,,
5,45,1D,-0.15,-0.05,0.02,3.06,,,,,,
6,45,1D,-0.15,0,0.02,3.04,,,,,,
7,45,1D,-0.15,0.05,0.02,2.8,,,,,,
8,45,1D,-0.15,0.1,0.02,2.12,,,,,,
9,45,1D,-0.15,0.15,0.02,1.89,,,,,,
10,45,1D,-0.15,0.2,0.02,1.94,,,,,,
11,45,1D,-0.15,0.25,0.02,2.35,,,,,,
12,45,1D,-0.15,0.3,0.02,2.86,,,,,,
59,45,1D,-0.1,-0.25,0.02,1.9,,,,,,
50,45,1D,-0.1,-0.2,0.02,2.62,,,,,,
41,45,1D,-0.1,-0.15,0.02,2.95,,,,,,
103,45,1D,-0.1,0.15,0.02,2.28,,,,,,
112,45,1D,-0.1,0.2,0.02,2.97,,,,,,
121,45,1D,-0.1,0.25,0.02,3.62,,,,,,
58,45,1D,-0.05,-0.25,0.02,2.1,,,,,,
49,45,1D,-0.05,-0.2,0.02,1.78,,,,,,
40,45,1D,-0.05,-0.15,0.02,0.52,,,,,,
104,45,1D,-0.05,0.15,0.02,2.73,,,,,,
113,45,1D,-0.05,0.2,0.02,1.92,,,,,,
122,45,1D,-0.05,0.25,0.02,0.76,,,,,,
57,45,1D,0,-0.25,0.02,2.39,,,,,,
48,45,1D,0,-0.2,0.02,1.48,,,,,,
39,45,1D,0,-0.15,0.02,0.8,,,,,,
105,45,1D,0,0.15,0.02,3.07,,,,,,
114,45,1D,0,0.2,0.02,1.49,,,,,,
123,45,1D,0,0.25,0.02,1.03,,,,,,
56,45,1D,0.05,-0.25,0.02,2.56,,,,,,
47,45,1D,0.05,-0.2,0.02,1.7,,,,,,
38,45,1D,0.05,-0.15,0.02,1.03,,,,,,
106,45,1D,0.05,0.15,0.02,2.99,,,,,,
115,45,1D,0.05,0.2,0.02,1.71,,,,,,
124,45,1D,0.05,0.25,0.02,1.07,,,,,,
69,45,1D,0.1,-0.25,0.02,2.17,,,,,,
68,45,1D,0.1,-0.2,0.02,1.6,,,,,,
67,45,1D,0.1,-0.15,0.02,1.36,,,,,,
107,45,1D,0.1,0.15,0.02,2.78,,,,,,
116,45,1D,0.1,0.2,0.02,1.75,,,,,,
125,45,1D,0.1,0.25,0.02,1.39,,,,,,
78,45,1D,0.15,-0.3,0.02,2.8,,,,,,
77,45,1D,0.15,-0.25,0.02,1.95,,,,,,
76,45,1D,0.15,-0.2,0.02,1.47,,,,,,
75,45,1D,0.15,-0.15,0.02,1.2,,,,,,
74,45,1D,0.15,-0.1,0.02,1.2,,,,,,
73,45,1D,0.15,-0.05,0.02,1.12,,,,,,
72,45,1D,0.15,0,0.02,0.88,,,,,,
71,45,1D,0.15,0.05,0.02,0.48,,,,,,
70,45,1D,0.15,0.1,0.02,2.66,,,,,,
108,45,1D,0.15,0.15,0.02,2.36,,,,,,
117,45,1D,0.15,0.2,0.02,1.73,,,,,,
126,45,1D,0.15,0.25,0.02,1.51,,,,,,
130,45,1D,0.15,0.3,0.02,1.8,,,,,,
87,45,1D,0.2,-0.3,0.02,2.4,,,,,,
86,45,1D,0.2,-0.25,0.02,1.77,,,,,,
85,45,1D,0.2,-0.2,0.02,1.48,,,,,,
84,45,1D,0.2,-0.15,0.02,1.52,,,,,,
83,45,1D,0.2,-0.1,0.02,1.63,,,,,,
82,45,1D,0.2,-0.05,0.02,1.86,,,,,,
81,45,1D,0.2,0,0.02,1.49,,,,,,
80,45,1D,0.2,0.05,0.02,1.34,,,,,,
79,45,1D,0.2,0.1,0.02,2.63,,,,,,
109,45,1D,0.2,0.15,0.02,2.03,,,,,,
118,45,1D,0.2,0.2,0.02,1.57,,,,,,
127,45,1D,0.2,0.25,0.02,1.53,,,,,,
131,45,1D,0.2,0.3,0.02,1.56,,,,,,
96,45,1D,0.25,-0.3,0.02,1.83,,,,,,
95,45,1D,0.25,-0.25,0.02,1.84,,,,,,
94,45,1D,0.25,-0.2,0.02,1.81,,,,,,
93,45,1D,0.25,-0.15,0.02,1.92,,,,,,
92,45,1D,0.25,-0.1,0.02,2.18,,,,,,
91,45,1D,0.25,-0.05,0.02,2.42,,,,,,
90,45,1D,0.25,0,0.02,2.36,,,,,,
89,45,1D,0.25,0.05,0.02,2.19,,,,,,
88,45,1D,0.25,0.1,0.02,1.96,,,,,,
110,45,1D,0.25,0.15,0.02,1.96,,,,,,
119,45,1D,0.25,0.2,0.02,1.78,,,,,,
128,45,1D,0.25,0.25,0.02,2,,,,,,
132,45,1D,0.25,0.3,0.02,2.57,,,,,,
99,45,1D,0.3,-0.25,0.02,1.85,,,,,,
98,45,1D,0.3,-0.2,0.02,2.31,,,,,,
97,45,1D,0.3,-0.15,0.02,2.82,,,,,,
111,45,1D,0.3,0.15,0.02,2.27,,,,,,
120,45,1D,0.3,0.2,0.02,2.86,,,,,,
129,45,1D,0.3,0.25,0.02,3.59,,,,,,
63,45,2D,-0.3,-0.25,0.02,2.08,,,,,,
54,45,2D,-0.3,-0.2,0.02,1.26,,,,,,
45,45,2D,-0.3,-0.15,0.02,1.54,,,,,,
31,45,2D,-0.3,0.15,0.02,2.48,,,,,,
32,45,2D,-0.3,0.2,0.02,1.42,,,,,,
33,45,2D,-0.3,0.25,0.02,1.25,,,,,,
66,45,2D,-0.25,-0.3,0.02,3.2,,,,,,
62,45,2D,-0.25,-0.25,0.02,1.97,,,,,,
53,45,2D,-0.25,-0.2,0.02,1.39,,,,,,
44,45,2D,-0.25,-0.15,0.02,1.55,,,,,,
22,45,2D,-0.25,-0.1,0.02,1.52,,,,,,
23,45,2D,-0.25,-0.05,0.02,1.2,,,,,,
24,45,2D,-0.25,0,0.02,1.19,,,,,,
25,45,2D,-0.25,0.05,0.02,1.09,,,,,,
26,45,2D,-0.25,0.1,0.02,3.14,,,,,,
27,45,2D,-0.25,0.15,0.02,1.89,,,,,,
28,45,2D,-0.25,0.2,0.02,1.4,,,,,,
29,45,2D,-0.25,0.25,0.02,1.39,,,,,,
30,45,2D,-0.25,0.3,0.02,1.17,,,,,,
65,45,2D,-0.2,-0.3,0.02,2.56,,,,,,
61,45,2D,-0.2,-0.25,0.02,1.98,,,,,,
52,45,2D,-0.2,-0.2,0.02,1.79,,,,,,
43,45,2D,-0.2,-0.15,0.02,1.96,,,,,,
13,45,2D,-0.2,-0.1,0.02,2.19,,,,,,
14,45,2D,-0.2,-0.05,0.02,2.26,,,,,,
15,45,2D,-0.2,0,0.02,2.16,,,,,,
16,45,2D,-0.2,0.05,0.02,2.35,,,,,,
17,45,2D,-0.2,0.1,0.02,2.42,,,,,,
18,45,2D,-0.2,0.15,0.02,1.65,,,,,,
19,45,2D,-0.2,0.2,0.02,1.32,,,,,,
20,45,2D,-0.2,0.25,0.02,1.4,,,,,,
21,45,2D,-0.2,0.3,0.02,1.37,,,,,,
64,45,2D,-0.15,-0.3,0.02,2.23,,,,,,
60,45,2D,-0.15,-0.25,0.02,2.06,,,,,,
51,45,2D,-0.15,-0.2,0.02,2.19,,,,,,
42,45,2D,-0.15,-0.15,0.02,2.56,,,,,,
4,45,2D,-0.15,-0.1,0.02,2.79,,,,,,
5,45,2D,-0.15,-0.05,0.02,3.03,,,,,,
6,45,2D,-0.15,0,0.02,2.81,,,,,,
7,45,2D,-0.15,0.05,0.02,2.52,,,,,,
8,45,2D,-0.15,0.1,0.02,1.8,,,,,,
9,45,2D,-0.15,0.15,0.02,1.64,,,,,,
10,45,2D,-0.15,0.2,0.02,1.76,,,,,,
11,45,2D,-0.15,0.25,0.02,2.2,,,,,,
12,45,2D,-0.15,0.3,0.02,2.71,,,,,,
59,45,2D,-0.1,-0.25,0.02,1.97,,,,,,
50,45,2D,-0.1,-0.2,0.02,2.66,,,,,,
41,45,2D,-0.1,-0.15,0.02,3.48,,,,,,
103,45,2D,-0.1,0.15,0.02,2.02,,,,,,
112,45,2D,-0.1,0.2,0.02,2.67,,,,,,
121,45,2D,-0.1,0.25,0.02,3.39,,,,,,
58,45,2D,-0.05,-0.25,0.02,2.55,,,,,,
49,45,2D,-0.05,-0.2,0.02,3.18,,,,,,
40,45,2D,-0.05,-0.15,0.02,1.55,,,,,,
104,45,2D,-0.05,0.15,0.02,2.54,,,,,,
113,45,2D,-0.05,0.2,0.02,2.22,,,,,,
122,45,2D,-0.05,0.25,0.02,1.07,,,,,,
57,45,2D,0,-0.25,0.02,3.3,,,,,,
48,45,2D,0,-0.2,0.02,3.22,,,,,,
39,45,2D,0,-0.15,0.02,1.33,,,,,,
105,45,2D,0,0.15,0.02,2.99,,,,,,
114,45,2D,0,0.2,0.02,2.14,,,,,,
123,45,2D,0,0.25,0.02,1.27,,,,,,
56,45,2D,0.05,-0.25,0.02,3.71,,,,,,
47,45,2D,0.05,-0.2,0.02,2.94,,,,,,
38,45,2D,0.05,-0.15,0.02,1.55,,,,,,
106,45,2D,0.05,0.15,0.02,3.07,,,,,,
115,45,2D,0.05,0.2,0.02,2.27,,,,,,
124,45,2D,0.05,0.25,0.02,1.41,,,,,,
69,45,2D,0.1,-0.25,0.02,3,,,,,,
68,45,2D,0.1,-0.2,0.02,2.42,,,,,,
67,45,2D,0.1,-0.15,0.02,2.06,,,,,,
107,45,2D,0.1,0.15,0.02,3.07,,,,,,
116,45,2D,0.1,0.2,0.02,2.19,,,,,,
125,45,2D,0.1,0.25,0.02,1.74,,,,,,
78,45,2D,0.15,-0.3,0.02,2.79,,,,,,
77,45,2D,0.15,-0.25,0.02,2.44,,,,,,
76,45,2D,0.15,-0.2,0.02,1.87,,,,,,
75,45,2D,0.15,-0.15,0.02,1.78,,,,,,
74,45,2D,0.15,-0.1,0.02,2,,,,,,
73,45,2D,0.15,-0.05,0.02,1.59,,,,,,
72,45,2D,0.15,0,0.02,1.34,,,,,,
71,45,2D,0.15,0.05,0.02,1.58,,,,,,
70,45,2D,0.15,0.1,0.02,3.42,,,,,,
108,45,2D,0.15,0.15,0.02,2.77,,,,,,
117,45,2D,0.15,0.2,0.02,2.13,,,,,,
126,45,2D,0.15,0.25,0.02,1.75,,,,,,
130,45,2D,0.15,0.3,0.02,1.84,,,,,,
87,45,2D,0.2,-0.3,0.02,2.81,,,,,,
86,45,2D,0.2,-0.25,0.02,2.15,,,,,,
85,45,2D,0.2,-0.2,0.02,1.61,,,,,,
84,45,2D,0.2,-0.15,0.02,1.96,,,,,,
83,45,2D,0.2,-0.1,0.02,2.63,,,,,,
82,45,2D,0.2,-0.05,0.02,3.18,,,,,,
81,45,2D,0.2,0,0.02,3.27,,,,,,
80,45,2D,0.2,0.05,0.02,3.26,,,,,,
79,45,2D,0.2,0.1,0.02,2.69,,,,,,
109,45,2D,0.2,0.15,0.02,2.44,,,,,,
118,45,2D,0.2,0.2,0.02,2.07,,,,,,
127,45,2D,0.2,0.25,0.02,1.7,,,,,,
131,45,2D,0.2,0.3,0.02,1.46,,,,,,
96,45,2D,0.25,-0.3,0.02,2.45,,,,,,
95,45,2D,0.25,-0.25,0.02,2.3,,,,,,
94,45,2D,0.25,-0.2,0.02,2.2,,,,,,
93,45,2D,0.25,-0.15,0.02,2.62,,,,,,
92,45,2D,0.25,-0.1,0.02,3.14,,,,,,
91,45,2D,0.25,-0.05,0.02,3.5,,,,,,
90,45,2D,0.25,0,0.02,3.27,,,,,,
89,45,2D,0.25,0.05,0.02,2.62,,,,,,
88,45,2D,0.25,0.1,0.02,2,,,,,,
110,45,2D,0.25,0.15,0.02,2.29,,,,,,
119,45,2D,0.25,0.2,0.02,2.13,,,,,,
128,45,2D,0.25,0.25,0.02,1.9,,,,,,
132,45,2D,0.25,0.3,0.02,2.08,,,,,,
99,45,2D,0.3,-0.25,0.02,2.56,,,,,,
98,45,2D,0.3,-0.2,0.02,2.91,,,,,,
97,45,2D,0.3,-0.15,0.02,3.09,,,,,,
111,45,2D,0.3,0.15,0.02,2.51,,,,,,
120,45,2D,0.3,0.2,0.02,2.75,,,,,,
129,45,2D,0.3,0.25,0.02,3.35,,,,,,
